{
  "Baseline": {
    "total_return": 1.9992989411695907,
    "CAGR": 0.07337592231473256,
    "Sharpe": 0.5176590331364991,
    "Sortino": 0.6459797262009238,
    "MaxDrawdown": -0.20982935121131874,
    "HitRate": 0.538787023977433,
    "AvgWin": 0.005705776655572537,
    "AvgLoss": -0.005753861063817648
  },
  "Model": {
    "total_return": 0.055059256636754705,
    "CAGR": 0.0034611889864766265,
    "Sharpe": -0.15750690648492569,
    "Sortino": -0.21706641523387538,
    "MaxDrawdown": -0.20336056908794464,
    "HitRate": 0.4641393442622951,
    "AvgWin": 0.007222398352864881,
    "AvgLoss": -0.00605107156163276
  }
}